suppose,1
should,1
walking,1
dinner,1
allotted,1
consummation,1
while,1
choosing,1
between,1
diverting,1
tragedy,1
serious,1
vaudeville,1
arm,1
turn,1
thrilling,1
beautiful,1
diamonds,1
russian,1
sables,1
thrusts,1
hurriedly,1
extremely,1
hot,1
buttered,1
flashes,1
tiny,1
pair,1
scissors,1
snips,1
off,1
overcoat,1
meaningly,1
ejaculates,1
word,1
parallelogram,1
swiftly,1
flies,1
cross,1
fearfully,1
shoulder,1
accept,1
flush,1
embarrassment,1
sheepishly,1
continue,1
fumbling,1
feebly,1
do,1
unless,1
blessed,1
whom,1
dead,1
adventurers,1
plentiful,1
print,1
mostly,1
business,1
men,1
newly,1
invented,1
methods,1
things,1
wanted,1
fleeces,1
holy,1
grails,1
lady,1
loves,1
treasure,1
fame,1
goes,1
aimless,1
uncalculating,1
meet,1
greet,1
unknown,1
example,1
prodigal,1
son,1
started,1
figures,1
numerous,1
crusades,1
palisades,1
enriched,1
arts,1
trade,1
historical,1
each,1
prize,1
win,1
goal,1
kick,1
axe,1
grind,1
race,1
run,1
thrust,1
tierce,1
deliver,1
carve,1
crow,1
pick,1
twin,1
spirits,1
always,1
abroad,1
seeking,1
worthy,1
wooers,1
roam,1
streets,1
slyly,1
peep,1
challenge,1
different,1
guises,1
knowing,1
seems,1
sleeping,1
thoroughfare,1
cry,1
agony,1
empty,1
shuttered,1
familiar,1
curb,1
cab,1
deposits,1
opens,1
bids,1
enter,1
slip,1
flutters,1
feet,1
lattices,1
chance,1
exchange,1
glances,1
instantaneous,1
hate,1
affection,1
hurrying,1
strangers,1
crowds,1
douse,1
rain,1
umbrella,1
sheltering,1
daughter,1
moon,1
cousin,1
sidereal,1
system,1
handkerchiefs,1
besiege,1
lonely,1
rapturous,1
perilous,1
changing,1
clues,1
willing,1
hold,1
follow,1
grown,1
stiff,1
ramrod,1
convention,1
backs,1
dull,1
reflect,1
has,1
pallid,1
marriage,1
satin,1
rosette,1
kept,1
safe,1
drawer,1
lifelong,1
feud,1
steam,1
radiator,1
evenings,1
hall,1
bedchamber,1
search,1
unexpected,1
egregious,1
interesting,1
just,1
sometimes,1
willingness,1
tempt,1
led,1
paths,1
spent,1
station,1
himself,1
dupe,1
ingenious,1
mercenary,1
tricksters,1
watch,1
money,1
price,1
flattering,1
allurement,1
undiminished,1
ardour,1
glove,1
cast,1
merry,1
lists,1
evening,1
strolling,1
crosstown,1
older,1
central,1
part,1
streams,1
filled,1
sidewalks,1
restless,1
contingent,1
abandons,1
welcome,1
d,1
pleasing,1
moved,1
serenely,1
watchfully,1
daylight,1
wore,1
tie,1
drawn,1
topaz,1
ring,1
fastened,1
stick,1
pin,1
once,1
editor,1
magazine,1
miss,1
libbey,1
book,1
influenced,1
during,1
walk,1
violent,1
chattering,1
draw,1
attention,1
qualm,1
revealed,1
fantastically,1
dressed,1
embroidered,1
yellow,1
trousers,1
military,1
cap,1
discreetly,1
distributed,1
crowd,1
consented,1
take,1
mode,1
dentistic,1
advertising,1
common,1
sight,1
usually,1
dispenser,1
reducing,1
tonight,1
deftly,1
retained,1
smiling,1
feat,1
travelled,1
yards,1
glanced,1
indifferently,1
surprised,1
interest,1
ink,1
front,1
throw,1
given,1
address,1
usual,1
schedule,1
plate,1
bridge,1
promises,1
painless,1
operations,1
halted,1
considered,1
crossed,1
recrossed,1
joined,1
upward,1
current,1
seeming,1
notice,1
carelessly,1
handed,1
away,1
inspected,1
handwriting,1
appeared,1
inscribed,1
four,1
tossed,1
pavement,1
pedestrians,1
following,1
leading,1
fell,1
bore,1
legend,1
dental,1
parlours,1
rarely,1
arch,1
sprite,1
need,1
follower,1
done,1
quest,1
where,1
rattling,1
spite,1
gaudy,1
garb,1
ethiopian,1
displayed,1
barbaric,1
dignity,1
offering,1
suavely,1
allowing,1
others,1
unmolested,1
minute,1
chanted,1
harsh,1
unintelligible,1
phrase,1
akin,1
jabber,1
car,1
conductors,1
grand,1
opera,1
only,1
withhold,1
massive,1
countenance,1
almost,1
contemptuous,1
disdain,1
stung,1
silent,1
accusation,1
wanting,1
selected,1
throng,1
recipient,1
condemned,1
deficient,1
wit,1
engage,1
enigma,1
standing,1
rush,1
made,1
rapid,1
estimate,1
building,1
conceived,1
five,1
stories,1
small,1
occupied,1
basement,1
millinery,1
furs,1
winking,1
polyglot,1
babel,1
signs,1
struggled,1
indicate,1
abodes,1
palmists,1
dressmakers,1
musicians,1
doctors,1
higher,1
draped,1
curtains,1
bottles,1
sills,1
proclaimed,1
regions,1
domesticity,1
concluding,1
survey,1
briskly,1
flight,1
stone,1
flights,1
carpeted,1
top,1
dimly,1
jets,1
far,1
left,1
toward,1
within,1
wan,1
halo,1
hesitated,1
contumelious,1
sneer,1
juggler,1
straight,1
moments,1
measure,1
quick,1
breath,1
behind,1
panels,1
gamesters,1
cunning,1
rogues,1
baiting,1
traps,1
subtle,1
skill,1
beauty,1
courage,1
thus,1
planning,1
sought,1
danger,1
death,1
disappointment,1
ridicule,1
respond,1
temerarious,1
rap,1
rustle,1
heard,1
inside,1
yet,1
tottering,1
loosed,1
knob,1
swayed,1
groping,1
caught,1
faded,1
couch,1
wall,1
swift,1
flickering,1
jet,1
neat,1
extreme,1
poverty,1
lay,1
excitedly,1
rolled,1
drowned,1
persons,1
fan,1
struck,1
brim,1
derby,1
hers,1
indeed,1
heart,1
frank,1
grey,1
turning,1
pertly,1
outward,1
chestnut,1
hair,1
curling,1
tendrils,1
pea,1
vine,1
reward,1
adventures,1
wofully,1
thin,1
calmly,1
smiled,1
fainted,1
didn,1
well,1
wouldn,1
try,1
anything,1
days,1
himmel,1
jumping,1
wait,1
till,1
dashed,1
stairs,1
kicking,1
toe,1
open,1
arms,1
hugged,1
array,1
wares,1
grocery,1
butter,1
meats,1
cakes,1
pies,1
pickles,1
oysters,1
roasted,1
bottle,1
blusteringly,1
eating,1
quit,1
making,1
election,1
bets,1
kind,1
ready,1
helped,1
shelf,1
rapturously,1
beginning,1
huge,1
dill,1
rooted,1
bags,1
unerring,1
instinct,1
laughingly,1
poured,1
drink,1
ordered,1
wing,1
allow,1
guest,1
drew,1
brightened,1
brought,1
colour,1
sort,1
dainty,1
ferocity,1
starved,1
wild,1
animal,1
regard,1
aid,1
rendered,1
undervalued,1
whose,1
stress,1
put,1
artificial,1
human,1
gradually,1
return,1
strength,1
comfort,1
came,1
also,1
sense,1
yawns,1
shop,1
insufficient,1
wages,1
reduced,1
fines,1
swell,1
profits,1
illness,1
positions,1
hope,1
sounded,1
iliad,1
crisis,1
think,1
fierce,1
solemnly,1
relatives,1
friends,1
none,1
alone,1
world,1
too,1
pause,1
glad,1
promptly,1
somehow,1
pleased,1
approved,1
bereft,1
condition,1
eyelids,1
dropped,1
sighed,1
deeply,1
awfully,1
sleepy,1
feel,1
say,1
long,1
sleep,1
held,1
question,1
eloquently,1
frankly,1
pathetically,1
oh,1
getting,1
can,1
get,1
rid,1
easily,1
much,1
less,1
important,1
than,1
fact,1
my,1
remembering,1
felt,1
jealous,1
pain,1
fallen,1
hands,1
quickly,1
decided,1
truth,1
let,1
aware,1
expedient,1
driven,1
distress,1
tuners,1
lives,1
mistake,1
last,1
head,1
curiously,1
about,1
went,1
ascended,1
puzzled,1
explorations,1
painted,1
wondering,1
descended,1
fantastic,1
confronted,1
broad,1
grin,1
exhibited,1
advertisement,1
master,1
profession,1
dar,1
boss,1
pointing,1
spect,1
late,1
act,1
pointed,1
entrance,1
theatre,1
blazing,1
informed,1
dat,1
show,1
agent,1
represents,1
pussented,1
dollar,1
distribute,1
offer,1
lived,1
stopped,1
beer,1
weed,1
buttoned,1
pushed,1
stoutly,1
lamp,1
post,1
believe,1
doped,1
find,1
conclusion,1
under,1
circumstances,1
certainly,1
admits,1
ranks,1
broadway,2
ten,2
minutes,2
cigar,2
something,2
woman,2
wonderful,2
roll,2
button,2
looking,2
pure,2
drop,2
missing,2
spirit,2
set,2
such,2
crowns,2
forth,2
fine,2
half,2
splendid,2
history,2
fiction,2
new,2
name,2
followers,2
big,2
why,2
belong,2
gallery,2
intimate,2
portraits,2
hear,2
fear,2
instead,2
smile,2
paper,2
passing,2
sudden,2
may,2
full,2
fingers,2
beckon,2
mysterious,2
slipped,2
pass,2
day,2
most,2
lie,2
next,2
night,2
picked,2
specious,2
thousand,2
presence,2
salesman,2
junie,2
test,2
teeth,2
glass,2
case,2
sidewalk,2
glance,2
letters,2
sign,2
giant,2
red,2
coat,2
successful,2
further,2
side,2
blank,2
printed,2
work,2
adventurous,2
block,2
same,2
both,2
slowly,2
received,2
ridiculous,2
natural,2
shining,2
black,2
cold,2
read,2
whatever,2
mean,2
their,2
aside,2
rose,2
white,2
stairway,2
continued,2
paused,2
hallway,2
lighted,2
pale,2
gas,2
nearer,2
light,2
moment,2
knocked,2
against,2
play,2
faint,2
opened,2
weakly,2
barrel,2
nose,2
going,2
eat,2
exclaimed,2
chicken,2
supper,2
chair,2
pickle,2
shall,2
though,2
conventions,2
great,2
gave,2
tell,2
am,2
will,2
how,2
know,2
fust,2
doctah,2
suddenly,3
laid,3
over,3
never,3
fate,3
home,3
were,3
romance,3
twenty,3
window,3
face,3
strange,3
end,3
very,3
life,3
steiner,3
go,3
around,3
found,3
people,3
table,3
piano,3
store,3
through,3
restaurant,3
electric,3
those,3
african,3
when,3
turned,3
words,3
steps,3
these,3
no,3
now,3
floor,3
closed,3
still,3
milk,3
right,3
like,3
knock,3
answered,3
room,3
story,3
began,3
hat,3
cup,3
sah,3
after,4
way,4
look,4
an,4
second,4
street,4
who,4
city,4
see,4
coming,4
written,4
high,4
lost,4
thing,4
did,4
might,4
twice,4
along,4
love,4
dentist,4
above,4
three,4
walked,4
time,4
stood,4
must,4
its,4
if,4
all,4
tea,4
de,4
few,5
adventurer,5
them,5
without,5
house,5
before,5
first,5
corner,5
some,5
come,5
or,5
two,5
what,5
young,5
passed,5
there,5
little,5
other,5
man,5
took,5
asked,5
good,5
your,6
upon,6
would,6
us,6
every,6
again,6
negro,6
so,6
looked,6
saw,6
me,6
hand,7
is,7
eyes,7
out,7
not,7
true,7
which,7
card,7
girl,7
into,8
this,8
they,8
we,8
our,8
seemed,8
be,9
are,9
back,9
have,9
up,9
down,10
adventure,10
green,10
said,10
been,11
from,11
cards,11
on,12
by,12
then,12
him,13
i,13
but,14
one,16
she,17
for,17
as,17
door,17
had,19
at,20
her,21
rudolf,21
you,25
it,25
with,29
was,30
that,33
his,34
in,37
he,67
to,72
a,94
of,97
and,97
the,202
